index,demand
1,48.51655997369031
2,19.211419965173498
3,37.42336287800411
4,35.491876056445484
5,0.0
6,48.37783287674643
7,18.043298943737863
8,26.24828984661516
9,0.0
10,0.0
11,66.10752940134049
12,45.3822936765056
13,31.144360961894204
14,13.921898209301471
15,85.72215477795196
16,24.536717768753594
17,10.297863702437885
18,55.686193698793595
19,41.12268514394382
20,17.649554182721726
21,12.921949324430853
22,9.246901260371262
23,6.791964065221922
24,12.27566498432788
25,0.0
26,0.0
27,69.61822812446215
28,15.569869706945928
29,23.892755575177457
30,0.0
31,42.7374383532002
32,54.89746172452459
33,21.980021245078486
34,53.960321940877876
35,31.409395876564435
36,29.463787100056386
37,0.0
38,0.0
39,25.70426851901139
40,65.35271836182626
41,35.257380488517335
42,94.10720873593077
43,17.706507879168633
44,15.401710331657224
45,48.892207675110406
46,27.666444227554035
47,32.211624788252585
48,19.590435108584774
49,84.99526056335284
50,15.552488138639884
51,15.46956945738468
52,16.474589097521754
53,20.823685090808816
54,110.71946408610816
55,60.68334179700266
56,80.88430017690942
57,11.710545153510118
58,11.079121910296442
59,252.59164710931913
60,76.56317003443691
61,0.0
62,75.34425026965819
63,0.0
64,0.0
65,0.0
66,37.28273437468534
67,25.40976907415673
68,0.0
69,0.0
70,61.87370695595542
71,0.0
72,10.854574592388554
73,5.938767342061268
74,67.78361756095522
75,45.90853098504216
76,62.32324431172105
77,60.38071759080144
78,67.8119310262802
79,36.31731839214515
80,126.00084949313546
81,0.0
82,49.309030753714524
83,19.388027940470348
84,10.023821494917122
85,23.368139264757094
86,19.708024732614145
87,0.0
88,47.239577303906444
89,0.0
90,416.6679596963045
91,9.382420308178263
92,61.57515644293361
93,10.83880207511942
94,29.204933334361844
95,38.64130758959558
96,34.8221862979437
97,14.911807818415742
98,32.844516702493245
99,38.51147895913463
100,36.7477755133383
101,21.91660159594885
102,4.630194853087187
103,22.75008947793867
104,35.98446943740833
105,30.76038470900899
106,42.10099697936618
107,49.71744555249859
108,1.9833977814625419
109,7.930653436846545
110,37.17117788905263
111,0.0
112,67.61460393726766
113,5.680079328377032
114,7.683493138764829
115,20.63725713774014
116,174.60565058255384
117,19.18117040587401
118,31.761492004370872
