index,demand
1,48.590896051622565
2,18.695094185337375
3,36.97408620195785
4,38.44035746756988
5,0.0
6,47.48881635774108
7,18.773918102400515
8,27.021721179673257
9,0.0
10,0.0
11,63.52811919349215
12,44.92777624633295
13,32.11666247469967
14,13.799492389732782
15,86.49047577834794
16,23.822665693333278
17,10.68509646806525
18,59.81841150559414
19,41.20634505991743
20,17.48724246070027
21,13.004994259297847
22,9.091680663212912
23,6.663581033983377
24,11.80393400450689
25,0.0
26,0.0
27,69.98347137927833
28,15.659577238187213
29,22.566236921503975
30,0.0
31,42.39713142639397
32,58.54234209520119
33,21.812383031031988
34,56.661445392213096
35,30.07185345338358
36,28.9188973202987
37,0.0
38,0.0
39,25.030195622131334
40,62.83311280061732
41,36.19611958455395
42,90.38621740322843
43,17.809725383966512
44,14.825044382880892
45,51.60936236931394
46,27.7493815302299
47,32.478029632558616
48,19.704057620503033
49,79.65979865614577
50,15.754492993381396
51,16.66670289404093
52,16.767515104759486
53,21.188608435068854
54,103.51575272116204
55,60.53695394137999
56,82.16670783624316
57,11.947607842833339
58,11.540946129363254
59,260.9015054840559
60,71.13592238551966
61,0.0
62,71.43350048075948
63,0.0
64,0.0
65,0.0
66,36.516296918671244
67,25.70574841889608
68,0.0
69,0.0
70,65.10251292623337
71,0.0
72,11.220870495650502
73,5.919715361429321
74,66.71103853369078
75,42.53743392866482
76,67.15810938695661
77,59.582372827724704
78,69.27234520291901
79,35.951902104004375
80,121.44155375008808
81,0.0
82,50.7208623892942
83,19.113733589087833
84,10.943485492438377
85,21.663181199754632
86,19.158048266449768
87,0.0
88,43.65315054001271
89,0.0
90,435.61629770461286
91,9.962986300350098
92,64.03864699856292
93,11.293715447165347
94,29.72714175978766
95,38.61740753360696
96,36.788016302848774
97,13.764588925253943
98,31.006168002676798
99,39.40555847713357
100,34.287563096351
101,21.319732127854547
102,4.972262068999634
103,22.05453744384451
104,34.8472556872751
105,29.80158349060988
106,41.83250611558412
107,48.04548159498211
108,1.9050660479505983
109,7.943728428187513
110,37.39400991572612
111,0.0
112,67.32430770354028
113,5.881270976394439
114,7.220942329109655
115,21.326012409798665
116,177.35428799268968
117,18.842610849592813
118,31.676873295640856
