index,demand
1,46.74246834172183
2,19.66845505588781
3,35.69439050878137
4,35.67633646197209
5,0.0
6,49.92106133922051
7,17.6676569203935
8,27.228011526276877
9,0.0
10,0.0
11,63.24285883675831
12,43.52510610651527
13,31.20533745304186
14,13.356356747373377
15,85.63796535937215
16,24.89658342867172
17,10.873152402758528
18,57.21651134427763
19,42.82606790028969
20,16.687280288145836
21,13.731679102492967
22,9.536262268259588
23,6.693208616791689
24,12.69620327543643
25,0.0
26,0.0
27,66.04445042834789
28,16.79465115962035
29,23.73819483470167
30,0.0
31,41.715504068656934
32,54.455270846826856
33,21.124941935698917
34,57.447329656948796
35,32.18658487756686
36,30.779510468574586
37,0.0
38,0.0
39,25.30297974087686
40,61.16323491143593
41,33.569861370226754
42,87.04669412159414
43,16.345698933146025
44,15.522226891807383
45,48.34348592199274
46,26.389620154334473
47,31.169067949089747
48,19.872842980326364
49,82.59566259459706
50,16.74656564779069
51,16.084793693599394
52,16.929304343250507
53,21.05523447018709
54,112.32515772007739
55,61.79464123490716
56,80.63245705055243
57,11.556386776430402
58,11.088057402212012
59,253.74608612952323
60,72.19520169763184
61,0.0
62,73.72731550303025
63,0.0
64,0.0
65,0.0
66,36.89207264829618
67,27.544257479113945
68,0.0
69,0.0
70,61.47826924341667
71,0.0
72,11.505605118678993
73,5.7233836311744115
74,63.17998667123357
75,43.071074986358774
76,63.051648119534974
77,57.23467425137499
78,66.38922302905007
79,37.72667224830018
80,117.36193251840862
81,0.0
82,50.3282727008345
83,18.175536470334592
84,10.645234367146374
85,23.745885909051353
86,20.734230584827497
87,0.0
88,47.48934086749939
89,0.0
90,403.5102413714531
91,9.63481457977974
92,62.52457981363937
93,11.70151946877988
94,28.427170155249893
95,40.78253094981135
96,34.90722428872975
97,14.511585073472668
98,33.52908347513722
99,38.64499584465213
100,35.15328168652545
101,21.542114183748826
102,4.910919034254899
103,21.945515152988794
104,34.43009089479223
105,28.60074694713709
106,41.325911488395285
107,45.572278368616246
108,1.9534324560537952
109,7.491141998848691
110,35.57258240041357
111,0.0
112,64.29289990894202
113,5.657085228823702
114,7.487760076257485
115,21.826534702759776
116,172.15840881394135
117,18.27125709283875
118,31.460604382932956
