index,demand
1,47.16697795438024
2,18.841522976079208
3,37.533066144665504
4,37.245221877372664
5,0.0
6,51.20457803894416
7,17.19619584137727
8,26.782516691583368
9,0.0
10,0.0
11,69.22538884506649
12,44.93291042488758
13,32.759838795600025
14,13.004568165813746
15,82.95774781877884
16,23.85866166029098
17,10.60580351271542
18,57.09360511636874
19,41.22265855594701
20,16.97739075171853
21,13.489005068731922
22,9.302986115742156
23,6.81041820777483
24,11.947661307203592
25,0.0
26,0.0
27,68.71382665288175
28,16.693288561070585
29,22.29548821834319
30,0.0
31,42.76346654717974
32,56.52905747033146
33,21.798615267972703
34,53.38838965513495
35,31.381927637419704
36,29.167229638152566
37,0.0
38,0.0
39,25.65858443963733
40,62.63573733089207
41,36.45855032631046
42,93.91266520756932
43,16.678739548655173
44,14.705125078476259
45,50.454524701899
46,26.330116235260736
47,33.76694743461362
48,18.67236871733266
49,82.33906150564614
50,16.540915306165992
51,15.667666606541042
52,17.009136961898854
53,21.112175106259727
54,104.60526221427858
55,62.37429631191642
56,81.84654848475228
57,11.531968243704684
58,11.315378271865741
59,258.81721646725543
60,70.60850580158068
61,0.0
62,69.93959024147824
63,0.0
64,0.0
65,0.0
66,35.25469866374846
67,27.83701329231115
68,0.0
69,0.0
70,64.5096268178191
71,0.0
72,11.840238509430948
73,5.75858594138227
74,67.5897543056557
75,44.30270137073556
76,64.26113874918987
77,55.257116613014944
78,69.87062812769231
79,36.75251832802941
80,119.94798317756695
81,0.0
82,51.674472146115555
83,19.292903669327423
84,9.9553539544645
85,23.919588996883043
86,20.175170596229417
87,0.0
88,45.13828223387667
89,0.0
90,412.9363424108954
91,9.75528922791212
92,61.20863974068805
93,11.533614949944521
94,28.716201664891884
95,41.640678001206496
96,35.92441118110359
97,14.730034946314468
98,32.422028318811634
99,40.1640865804258
100,35.761852243566686
101,21.444405035557548
102,4.7497571547434205
103,22.52783284795501
104,36.7545704920838
105,28.373226559104737
106,39.91761068427489
107,47.93186255152366
108,1.8242107319887444
109,7.664169996809746
110,37.4734630903293
111,0.0
112,65.97122621229063
113,5.487799137719635
114,7.249730139299875
115,21.07561279201721
116,179.84355256790988
117,18.501954541236092
118,31.804946510736908
