index,demand
1,47.85378306566724
2,19.034500112204405
3,37.860915828804664
4,36.889257241014406
5,0.0
6,47.71219638530394
7,17.932624188813115
8,25.885295467058064
9,0.0
10,0.0
11,66.77055776888051
12,44.146819851412786
13,33.25128205053019
14,13.158494808878714
15,88.17430291679348
16,23.976835275271743
17,10.058556985560084
18,54.80506065091256
19,41.25421858183054
20,16.689510556359846
21,13.445643298994137
22,9.888453559133342
23,6.850937883827704
24,11.760822021834295
25,0.0
26,0.0
27,66.0678589690516
28,16.277021658864108
29,23.55289664339954
30,0.0
31,42.75848864086186
32,57.0453801768272
33,21.251237239321163
34,56.780117342868145
35,29.856635377274166
36,30.706452649981582
37,0.0
38,0.0
39,25.02561430755954
40,61.467984983335114
41,36.69811726497052
42,87.23544272751974
43,17.24368692806618
44,15.5716070834328
45,48.33936511567838
46,26.13291321354376
47,32.40488717578369
48,19.192833817615877
49,86.4506818342149
50,16.015224912332332
51,16.381726055860984
52,17.279404906841002
53,22.67326190969209
54,102.33027269663148
55,58.37626508763911
56,78.06742723036558
57,11.511759390833353
58,11.523038712940439
59,271.84072602460157
60,76.89520417437485
61,0.0
62,72.85090930539407
63,0.0
64,0.0
65,0.0
66,35.382303179993016
67,25.327281283202765
68,0.0
69,0.0
70,60.02842009081035
71,0.0
72,11.92770948762939
73,5.876433021133731
74,63.76473722704034
75,44.83720830695421
76,63.71641144951585
77,60.0073929725707
78,66.05367533801504
79,37.826175961152465
80,129.5303638180975
81,0.0
82,53.2280702567907
83,18.78037079304218
84,10.863607313982842
85,22.013260704870156
86,20.39506510734556
87,0.0
88,44.06131269793002
89,0.0
90,425.270608437852
91,9.953690139339471
92,63.8269214510745
93,11.255240282630682
94,27.74070165100239
95,38.59781083559136
96,34.49030178166431
97,14.344421542348925
98,31.167051163858407
99,39.70655583633983
100,35.30935041684434
101,21.099543563790213
102,4.674536325818069
103,22.688781362888882
104,36.70493097807012
105,30.242379542434342
106,41.976198275440645
107,45.93453286482217
108,1.8093542551709638
109,7.886641603729114
110,35.419575224459614
111,0.0
112,67.34518575274679
113,5.788856956599347
114,7.953643507562496
115,20.481245046537534
116,172.14159196203644
117,18.081085301068036
118,32.569407333241244
