index,demand
1,46.81767468818084
2,18.11031842516484
3,36.66992565559456
4,36.76834131374465
5,0.0
6,51.242395460065346
7,18.139973646058824
8,26.585709176335087
9,0.0
10,0.0
11,68.2078653194514
12,44.70054834769019
13,32.06422879906688
14,13.435042944213409
15,86.73816129867035
16,23.33799824325526
17,10.197544927549211
18,58.749155750281076
19,42.045251050794896
20,16.32352052001935
21,13.316048315512694
22,9.150352971789049
23,6.5911643532593445
24,12.13742655699158
25,0.0
26,0.0
27,67.51901833632849
28,16.399768042544014
29,21.974573920591634
30,0.0
31,41.69152660355393
32,54.929016434362566
33,21.818830364050754
34,58.577593773901675
35,32.81760899490657
36,29.6780088294007
37,0.0
38,0.0
39,26.631229443165488
40,62.56814062624958
41,34.99855814216001
42,94.99443347734847
43,16.524892151811283
44,14.865887580697574
45,51.41739368559642
46,26.38681222914667
47,30.83284945819158
48,19.633057720392298
49,83.67825575661524
50,16.316942437859954
51,16.257857134956
52,17.936551188269235
53,22.75701235374048
54,112.47512154102878
55,60.49614549680543
56,80.08868709515015
57,10.831616572790233
58,10.97126451747126
59,266.16678387246486
60,70.83803412263886
61,0.0
62,70.90646962645232
63,0.0
64,0.0
65,0.0
66,36.8968919298736
67,27.769400044244648
68,0.0
69,0.0
70,65.72286621206102
71,0.0
72,10.915509906013408
73,5.4391013673326984
74,64.95190419992957
75,43.89148867652292
76,66.86151060524462
77,55.70983853736186
78,64.43118661251393
79,35.34745316243442
80,127.26768563360594
81,0.0
82,51.55718578679597
83,19.094989451256176
84,10.740282777301998
85,22.76398045577128
86,19.018829540876194
87,0.0
88,46.17187667702288
89,0.0
90,435.5717360878782
91,9.191802012849331
92,64.77628728213915
93,11.206026112499561
94,29.853281766527857
95,39.80966751847509
96,36.42489857549681
97,13.751627919756768
98,33.81696774195108
99,40.92077597047775
100,35.41520727718041
101,21.19990229650821
102,4.859063987794523
103,21.68616770201724
104,37.3613825986787
105,28.362227507724125
106,40.0692614748721
107,49.72044983070397
108,1.9725351842131296
109,7.2258456201100625
110,38.20591677759439
111,0.0
112,63.3724932078982
113,5.509183878912366
114,7.886142898350413
115,20.623134870969107
116,166.5407097132544
117,19.365844380988765
118,30.043574505672282
