index,demand
1,47.954832975007655
2,18.751205052239865
3,36.83422344841943
4,36.08526186294403
5,0.0
6,47.48740297766089
7,18.258534808073648
8,27.382139934892972
9,0.0
10,0.0
11,67.72204615527092
12,45.14183061091471
13,32.90831152905423
14,12.708732656070294
15,84.03310423069004
16,24.35357769645875
17,9.940262501362083
18,54.59627301604616
19,42.14664394467237
20,17.014209510188483
21,13.005371285607293
22,9.074773214043956
23,6.803147917960632
24,12.437815157708126
25,0.0
26,0.0
27,67.82694256352346
28,16.793869116089486
29,21.946588660978982
30,0.0
31,42.5144460524864
32,56.07977720543798
33,22.2838510050062
34,57.56725160149055
35,31.67696354888923
36,29.425432477878736
37,0.0
38,0.0
39,25.721438830730403
40,64.29012616071732
41,33.47683025910568
42,92.23379868584945
43,17.539506320974503
44,15.901243849085825
45,50.252213523916645
46,25.971848453602682
47,32.8731854425972
48,18.150986775131003
49,85.96256934969738
50,15.50465956904026
51,15.549909994061233
52,17.152470236381337
53,22.546773977060276
54,111.18848737602634
55,60.452009272939726
56,78.53622698515419
57,11.500545357546264
58,11.091413555165559
59,254.48374126402433
60,73.90820433223793
61,0.0
62,71.4170739888254
63,0.0
64,0.0
65,0.0
66,37.56549001993931
67,26.411337634360102
68,0.0
69,0.0
70,65.27564992492233
71,0.0
72,11.47143863313789
73,5.61189903733102
74,67.09568672863358
75,46.66777415483691
76,64.97490930347784
77,59.763011012763236
78,64.41837833618985
79,36.57338784389429
80,125.31936063062821
81,0.0
82,53.768111938074
83,18.711245997736928
84,10.260008319757441
85,22.081685941164068
86,19.680607915387856
87,0.0
88,47.14609776856559
89,0.0
90,408.10544593981825
91,9.246207845475528
92,63.76710780843034
93,11.707485982809278
94,29.79883876573335
95,39.24360956743634
96,35.62431702215405
97,14.667996250203343
98,32.245582691009055
99,40.75145834952254
100,34.579950110487765
101,21.492777117929677
102,4.717246438171251
103,20.935837851118936
104,37.293749452519855
105,28.733014168684925
106,39.702670108349736
107,47.868316493112964
108,1.825229004867467
109,7.294637057212404
110,35.62941825667452
111,0.0
112,63.92634721992667
113,5.8725614502217915
114,7.723826405805351
115,20.846355675691733
116,182.45159625591552
117,18.613747545038166
118,32.5304720987771
