index,demand
1,46.04498536526485
2,18.764613546460872
3,36.293337918413634
4,38.389391965269525
5,0.0
6,50.44012301265935
7,17.583461108992406
8,27.728881776454188
9,0.0
10,0.0
11,64.9059521138365
12,43.37682861656384
13,30.82164536648677
14,12.677221850554796
15,84.65541471028719
16,23.896806527395693
17,10.494227094977784
18,56.79539919870248
19,40.688363672786444
20,17.305287409619023
21,12.755945239313693
22,9.539918194402668
23,6.821085466657426
24,12.931396623373894
25,0.0
26,0.0
27,70.70928959619387
28,15.357259736045847
29,23.181105115285757
30,0.0
31,41.731933782477384
32,54.33251684107205
33,20.791587403084975
34,54.24151329227059
35,30.70081452889582
36,29.98667212674054
37,0.0
38,0.0
39,26.610320580925634
40,63.76238910878751
41,35.81756891286472
42,89.82398304212856
43,17.02738983601171
44,15.07015449907173
45,51.20226844636739
46,25.891360956639456
47,31.500988084742787
48,18.4837811338891
49,83.96750376953054
50,15.470968312053593
51,15.900552716159725
52,16.564309809220333
53,22.000104243508687
54,103.20712705974712
55,61.16329498817395
56,81.17669697681669
57,11.276520354777249
58,11.419851162578876
59,254.83273694583428
60,72.08175048681743
61,0.0
62,74.78380820299641
63,0.0
64,0.0
65,0.0
66,37.693513616438146
67,26.46025267655935
68,0.0
69,0.0
70,60.501606905321836
71,0.0
72,11.622212045222
73,5.60577894221671
74,66.08163409250625
75,43.344170989693545
76,65.72291639637459
77,59.80333469636598
78,69.5671998592114
79,38.11186872741965
80,125.00304022806313
81,0.0
82,51.914471004657784
83,18.077464073279025
84,10.850793326124109
85,23.114579489821516
86,20.871385297590287
87,0.0
88,46.813442208849274
89,0.0
90,426.87114386075604
91,9.946835810193578
92,60.585795735147805
93,11.87479971081994
94,29.574913992817113
95,40.022627787766716
96,37.463996680531324
97,14.836451451245358
98,31.51577413496809
99,41.57537119159719
100,34.049700579946766
101,21.761363981844024
102,4.953781339891057
103,21.17335638062141
104,37.62521807084507
105,30.470339390467146
106,39.84603635227567
107,45.92272451521132
108,1.8133625665177613
109,7.92318502487647
110,37.46374120145828
111,0.0
112,62.49837132924899
113,5.843042101032258
114,7.96414789481741
115,21.900033148061567
116,179.1522183181239
117,19.089442447665817
118,30.895308318720453
