index,demand
1,50.33770269791396
2,18.50869199708745
3,38.49008298730371
4,36.0330812019347
5,0.0
6,47.80037056605798
7,18.83337117550005
8,26.19323734643143
9,0.0
10,0.0
11,63.990313363599554
12,45.4683366053207
13,31.06888712065399
14,13.165219187992905
15,85.35779278226363
16,22.874421450652797
17,10.431299086210647
18,54.724049177697246
19,44.55444804637535
20,16.98702597803156
21,13.780010772260537
22,9.644830548608791
23,6.369287810742828
24,12.210479997995574
25,0.0
26,0.0
27,69.34116988965366
28,15.650888795300714
29,23.70790692635392
30,0.0
31,41.48083446027124
32,56.34879116222771
33,21.7079227635248
34,56.88315482212456
35,32.595676936051156
36,28.169970289144352
37,0.0
38,0.0
39,25.276245512262953
40,63.951282512655
41,35.92893517526342
42,90.32269990094912
43,17.5440405751208
44,15.21224005655655
45,49.88944786388497
46,25.821770614151674
47,31.45785582947523
48,19.809361530126324
49,80.59837687488354
50,16.788743541846287
51,16.602388031835908
52,17.427788352232294
53,22.700166365695647
54,108.56336453968508
55,60.924469214652234
56,78.09478166979655
57,11.091723762106469
58,11.648366893642514
59,266.11855328282525
60,72.37151273551672
61,0.0
62,76.48401539855661
63,0.0
64,0.0
65,0.0
66,35.51577975965226
67,27.071813055844746
68,0.0
69,0.0
70,63.380482306363824
71,0.0
72,11.16552556707695
73,5.49931417615815
74,65.25477911017539
75,46.50001581294923
76,64.2984847025719
77,59.062737995245044
78,67.56494640205958
79,38.07782513499011
80,124.76024101777026
81,0.0
82,53.62943973491987
83,18.24887342563998
84,10.945586793959238
85,22.734658026774405
86,20.482120769429375
87,0.0
88,43.40596077319639
89,0.0
90,405.3636371392758
91,9.704561724132224
92,62.56950046088823
93,11.323367067318957
94,27.24627061853501
95,38.39012263745291
96,34.92473950925925
97,14.572635822822106
98,32.20550867801098
99,40.49486290586032
100,35.479159215301614
101,21.005212969217272
102,4.797083636164726
103,21.542128849903253
104,37.12185510287535
105,28.301985314543337
106,39.256749932990466
107,46.304020574007446
108,1.929612409759864
109,7.269191879681261
110,37.02754499194262
111,0.0
112,64.1395630515999
113,5.749292614123977
114,7.434767594100925
115,21.358091872963545
116,168.7208430175794
117,19.52537221327023
118,32.20405994795058
