index,demand
1,48.94680870890766
2,19.686851838324145
3,40.809067158158726
4,38.29665806735798
5,0.0
6,54.54882497641655
7,18.282296347251982
8,27.491272868304062
9,0.0
10,0.0
11,73.33041239134374
12,49.34083644523911
13,33.52605606614296
14,13.977488913353088
15,90.87169188680674
16,25.31798123312301
17,11.029881043010622
18,59.127441944116796
19,44.02416445507695
20,18.25288847901646
21,13.849662464229558
22,10.485891179578745
23,7.306659822010715
24,12.577423357784918
25,0.0
26,0.0
27,71.13209891439661
28,16.81400495546624
29,24.817040386069355
30,0.0
31,43.79048907052565
32,61.605002653590404
33,23.18073189101572
34,61.536268483939075
35,33.978350339367225
36,30.77806300774138
37,0.0
38,0.0
39,27.418308702349478
40,67.45061935451001
41,35.780522604964354
42,97.72567320262283
43,17.585625153536476
44,15.295700574608274
45,51.10140110757322
46,27.25831325433824
47,33.801470211382906
48,19.38803311202407
49,91.108885995761
50,17.699241251134488
51,16.512111923590663
52,18.218713132746792
53,23.512672193884043
54,116.77632298073922
55,60.27611704408969
56,83.6064691966338
57,12.300542844364317
58,12.40571547925893
59,276.3602672776583
60,81.37146936256495
61,0.0
62,73.62641173636052
63,0.0
64,0.0
65,0.0
66,40.16718266847052
67,27.41194383545368
68,0.0
69,0.0
70,65.55764166502328
71,0.0
72,12.004809189847364
73,6.284021070264904
74,65.48393358981818
75,45.09494359263255
76,64.70897137610208
77,61.425769380495915
78,72.40805035170037
79,40.78758946180228
80,133.9376724799491
81,0.0
82,52.143107312703606
83,19.493711283691347
84,11.314136265209251
85,24.324412978020742
86,21.142395480200307
87,0.0
88,50.0428427337305
89,0.0
90,460.5959824634462
91,10.190576203773583
92,65.54168799280488
93,12.063917419300715
94,30.515854744212305
95,41.37913948266341
96,36.70307549309385
97,14.617766486852775
98,32.92780622478971
99,40.424883955759114
100,35.30417781249244
101,21.09242607270599
102,4.8034874336820295
103,22.492491020548773
104,38.08503914617722
105,30.695916877612596
106,44.002513775536634
107,51.916257789662055
108,1.927187795147
109,7.86554613970184
110,37.5573593513435
111,0.0
112,71.09917397172005
113,5.975670158581724
114,8.118604105608842
115,21.788280310411615
116,188.0333988149457
117,20.131778818477276
118,32.74942908153488
