index,demand
1,48.934803573329404
2,19.33944037259458
3,38.1438389658828
4,40.26891362548727
5,0.0
6,53.07473500308763
7,19.284509054855324
8,27.947869554948493
9,0.0
10,0.0
11,68.78565138046257
12,47.21217809724407
13,32.4420759065549
14,14.570976358079834
15,93.47823523685038
16,25.45066140213599
17,10.89113977671295
18,60.87854319019614
19,44.38181797760822
20,17.502825774418866
21,13.347128131857803
22,10.21428303633904
23,7.2887193207898555
24,12.776843182675247
25,0.0
26,0.0
27,67.78901060687062
28,17.435268507015266
29,24.453923417405868
30,0.0
31,43.858940147583645
32,57.47303546955026
33,22.01859943752161
34,57.77050656627062
35,31.662072945168145
36,31.407914794826002
37,0.0
38,0.0
39,28.262398679011817
40,68.49070491599792
41,38.10462002918311
42,94.68591714497475
43,17.178630408048914
44,15.511393131547594
45,51.64536677386609
46,26.77369130977955
47,34.59323992396033
48,19.366693034222532
49,88.37009597963961
50,17.070811669184838
51,16.309046360375234
52,17.40674433779262
53,23.075425150256027
54,117.14611916966543
55,62.52162387613368
56,85.45874486193058
57,12.528432913996257
58,12.318025936862174
59,274.96401962569786
60,79.39083373828197
61,0.0
62,73.28647205276499
63,0.0
64,0.0
65,0.0
66,39.78997856282484
67,27.35978513171167
68,0.0
69,0.0
70,65.51755079854934
71,0.0
72,11.43664670452763
73,6.086462652618486
74,67.15374130218471
75,49.126203071665834
76,70.81186076555734
77,59.532189141789175
78,73.3680434606941
79,40.1282918200012
80,125.91442180583881
81,0.0
82,53.33387042394
83,20.589840682035696
84,10.456400247155818
85,25.030130777270855
86,21.00398428911457
87,0.0
88,45.81801423257161
89,0.0
90,441.4867924759258
91,10.44331649422328
92,63.34530716957195
93,12.132671972326936
94,29.1950882402719
95,44.062990600382
96,39.45701374200272
97,14.911554725622652
98,35.4091348643817
99,42.617939122192354
100,36.80160803113032
101,23.02322487689142
102,4.874942668989764
103,22.401942789197395
104,39.28909941233534
105,29.78504978986957
106,44.13395677720294
107,50.86683646106469
108,1.9353843601730834
109,7.918969902899491
110,38.75936853377476
111,0.0
112,67.20121568079664
113,6.131648262742832
114,7.714252562535468
115,21.090451211822366
116,188.48280966218084
117,20.82864193030053
118,31.945205481919157
