index,demand
1,51.798999314727865
2,20.729032607624358
3,39.035832091980076
4,40.78787358246112
5,0.0
6,49.608642155858355
7,18.83994769277546
8,26.8883912616203
9,0.0
10,0.0
11,69.26356236019308
12,49.08527250292469
13,32.55416929146773
14,13.661475399113078
15,90.6271021141231
16,23.920866516254343
17,11.102264466302168
18,59.928627688703095
19,44.74138561868398
20,17.264377291049037
21,14.30497952131693
22,9.77252491655777
23,6.790184584822335
24,12.41612209212702
25,0.0
26,0.0
27,72.35862713514211
28,16.211828816728385
29,23.181233761728016
30,0.0
31,43.496036209672994
32,61.77787707262063
33,23.37250685368146
34,56.5736384681675
35,31.431685431701915
36,32.120643445282944
37,0.0
38,0.0
39,28.1537739444229
40,69.22936091880895
41,38.642535085404184
42,95.14013219358182
43,18.697826855403807
44,16.106988390229493
45,50.55097730128899
46,28.509695789901045
47,33.82312233067983
48,20.46518694590425
49,87.65520048396478
50,16.688813171583618
51,17.24387866996956
52,18.78002291282571
53,22.272007069773295
54,108.46781661714333
55,64.13994795533802
56,80.76176966505759
57,11.5633374746318
58,12.541325438725185
59,271.2547621752906
60,77.63647241175829
61,0.0
62,73.39571068458784
63,0.0
64,0.0
65,0.0
66,39.4047203462752
67,29.396179638974985
68,0.0
69,0.0
70,65.27548310283417
71,0.0
72,11.55807827160164
73,5.896435974002242
74,71.37844320626961
75,44.83206055362402
76,70.21860581539751
77,62.40807341141025
78,72.15180997132228
79,39.43567398186172
80,127.09142422049811
81,0.0
82,55.90931832964562
83,19.718716445662402
84,11.105621113232475
85,23.703770556519682
86,21.181319818096313
87,0.0
88,49.95228901540934
89,0.0
90,437.9641804018575
91,10.48682425435958
92,66.10074054929653
93,12.051906309421291
94,31.032102762611153
95,42.33750181005155
96,38.93467587647973
97,15.064812420477109
98,34.2106314262993
99,40.97007382068978
100,37.19727569932646
101,21.955002659224863
102,5.029044984685833
103,23.750725811296217
104,38.07250905491728
105,31.893023765227092
106,44.11416679182183
107,47.833499001027256
108,2.0772662573742102
109,8.242864667351906
110,40.01537492595817
111,0.0
112,68.65574403774608
113,5.736019866939566
114,8.035644971284542
115,22.7993898894152
116,191.61605743440617
117,19.734930006490984
118,32.358252750512456
