index,demand
1,49.70148542923868
2,20.147825910293534
3,39.79318137860339
4,39.095435504713265
5,0.0
6,53.95963404521068
7,18.385557872656406
8,29.17444444166874
9,0.0
10,0.0
11,67.82798846950055
12,49.09240329396378
13,33.8137296496844
14,13.525183592273438
15,94.2177882828266
16,26.128616100366703
17,11.060789704095347
18,60.7376265270194
19,44.9850757402436
20,18.623044470330925
21,13.714324234099594
22,10.281989081811943
23,6.717321904799083
24,12.401347001783488
25,0.0
26,0.0
27,69.74101781749813
28,16.511187133599886
29,23.364969121805295
30,0.0
31,43.60897192293795
32,57.63503864783955
33,22.611787208692654
34,57.35058488419067
35,32.724829455946335
36,31.091407733963212
37,0.0
38,0.0
39,26.43415087076058
40,68.18155354845636
41,38.126612236517765
42,100.60074856298303
43,17.11066664724831
44,15.474641966501789
45,55.4943617379137
46,28.834769607899275
47,34.87683460227508
48,19.61904216047813
49,89.19432535705536
50,16.4524827163556
51,16.617780743343978
52,18.642209539662517
53,22.26476979791912
54,108.68266469553103
55,60.87437360499547
56,86.40537005576978
57,11.869754951091567
58,12.003024300552266
59,269.87187240289387
60,80.90427103026386
61,0.0
62,77.6660517748793
63,0.0
64,0.0
65,0.0
66,38.899974699287256
67,28.90984846524109
68,0.0
69,0.0
70,65.05282614191681
71,0.0
72,11.403793595811571
73,5.912804764386331
74,68.8931012157372
75,46.625378212443394
76,70.42902352875304
77,60.67191175904563
78,72.68384470129482
79,40.388230483139004
80,124.57079201200786
81,0.0
82,51.71207488303638
83,19.347530024378457
84,11.119793126907096
85,23.15371971501348
86,21.153870835789625
87,0.0
88,48.11844380592798
89,0.0
90,452.7960687859198
91,9.586801715562792
92,68.03615265821664
93,11.927777107029272
94,29.033359486610973
95,42.70607218747808
96,36.4441876616007
97,14.504395833011982
98,34.91834192669981
99,43.255806627071486
100,37.777027085354916
101,21.91428302067476
102,4.771199006558605
103,23.89718718321941
104,39.71931130814309
105,29.664432909908726
106,44.661707719756365
107,49.339791375110856
108,2.081086265808752
109,7.832316056377479
110,40.60565566515757
111,0.0
112,68.2686811986662
113,5.767058607845217
114,7.85485209494736
115,21.48716512650907
116,180.7134242044714
117,19.50240144460427
118,31.428312118619054
