index,demand
1,49.752846839902354
2,20.703190475133514
3,37.37664473372743
4,40.358613860135385
5,0.0
6,53.256153124755876
7,19.575842572964095
8,27.858900563617297
9,0.0
10,0.0
11,73.21329431037935
12,48.106640772603846
13,34.38221903670693
14,14.275586876712696
15,89.45478394286764
16,24.872837785341215
17,11.042676720049245
18,61.42831401161481
19,44.221173176483624
20,17.144174725218484
21,13.471656264594799
22,9.595718564866372
23,6.956795335894773
24,12.460344851788584
25,0.0
26,0.0
27,68.39923436292453
28,16.17818911438194
29,24.734501990821478
30,0.0
31,41.09463345999095
32,57.67898610820133
33,23.033895465504525
34,60.75163199567983
35,33.537193475300626
36,30.067903719871435
37,0.0
38,0.0
39,25.83028469433416
40,69.07774812931089
41,36.53296781584366
42,91.71160707643983
43,17.39420972935949
44,15.683700782906797
45,51.838250287600246
46,26.723400424430356
47,35.290016579313296
48,20.457833262848574
49,90.4374474311698
50,17.531830462741812
51,16.885283547050026
52,17.390867667396464
53,23.870962119343766
54,114.87660844206604
55,62.957786676626306
56,84.63839132659128
57,12.59051489837264
58,12.579732861689305
59,276.64194725409527
60,77.11364402443957
61,0.0
62,78.52685872460184
63,0.0
64,0.0
65,0.0
66,39.13877881427438
67,28.065577509629502
68,0.0
69,0.0
70,62.928811091721165
71,0.0
72,11.481713909166993
73,5.794228617386603
74,70.57922485104712
75,46.8252810608
76,65.12663656557407
77,63.85180503226169
78,68.76327420077129
79,40.28234967498706
80,131.32929187504246
81,0.0
82,54.94533443634801
83,19.09025832403241
84,10.751601277781667
85,24.27930437387482
86,21.93504873471889
87,0.0
88,47.23927960114404
89,0.0
90,459.86913461957806
91,9.906887309180256
92,61.928204557703445
93,11.482839020140368
94,31.404168519568923
95,40.35604317669663
96,36.836913096732424
97,14.718239865732063
98,34.807754910077136
99,40.59241659000255
100,38.11958604386132
101,22.670333457287736
102,4.851941331698097
103,22.84495120122085
104,39.595229045941544
105,30.73474477732512
106,44.39233552942368
107,51.87146738523576
108,1.9377254730653113
109,7.801038119851791
110,38.61805344466481
111,0.0
112,66.05901125254903
113,5.743240747889994
114,7.636149160451322
115,22.500358222064822
116,185.03985240951664
117,19.903781872665853
118,31.588216220367666
