index,demand
1,55.030951415606246
2,21.882457563121218
3,41.19166337257506
4,41.817735105037016
5,0.0
6,52.83827575366312
7,19.049563870507058
8,30.53905784530556
9,0.0
10,0.0
11,71.92371268386475
12,48.00472988755122
13,36.19085887050755
14,14.046297406304221
15,92.14585678185655
16,26.261375739526834
17,11.59257390413784
18,63.6626089484593
19,46.908155833365804
20,18.54759882839541
21,14.701293651562938
22,10.689214055878898
23,7.6054392488820275
24,13.030291412011557
25,0.0
26,0.0
27,75.23049522732299
28,18.06979467963891
29,26.26136402749257
30,0.0
31,46.629838399077165
32,64.8901151287195
33,23.0140043080375
34,60.80981125671997
35,34.54960106893364
36,34.09226422288775
37,0.0
38,0.0
39,28.898359711233944
40,66.30820474589562
41,38.500142489241604
42,99.42079775693854
43,18.142623851390336
44,16.12029078274406
45,52.97916024553296
46,30.66562535341996
47,37.16881485048251
48,20.894563091229518
49,95.55938879677306
50,17.712372965757233
51,17.488904861889136
52,19.0256897465602
53,24.83907663498776
54,122.17387903132045
55,65.28172892749544
56,89.42802277798508
57,13.08621305131114
58,12.586827364317433
59,285.28903617128486
60,80.67790879704187
61,0.0
62,78.19988197215511
63,0.0
64,0.0
65,0.0
66,42.039236039048845
67,29.749060566048026
68,0.0
69,0.0
70,70.6332169253532
71,0.0
72,12.423587692882432
73,6.070603225153861
74,73.97401588435855
75,48.20956573554591
76,72.35154448497272
77,61.82700523908894
78,74.57432178333477
79,42.7677955116522
80,141.81071612155296
81,0.0
82,56.68669842721102
83,20.8307811828275
84,11.510146428227452
85,24.809609102528288
86,21.265373598268987
87,0.0
88,48.543782649502475
89,0.0
90,441.4324391737295
91,10.14432679859874
92,64.90197455111408
93,13.10262350675052
94,30.143447539986358
95,42.28201197647728
96,39.51564286726926
97,15.064608604260185
98,36.94956370934897
99,42.28320602704251
100,39.191132537902696
101,22.295988227403413
102,5.286134793234061
103,23.98337673339797
104,38.20245714634132
105,31.133973343091125
106,44.06977186043361
107,50.02909499336455
108,2.120119681552863
109,8.564496514080037
110,39.180354369530335
111,0.0
112,72.06821582784772
113,6.191406446195889
114,8.464174986019714
115,22.53865266065227
116,193.8604303518627
117,20.417459253673158
118,35.5034780417174
