index,demand
1,54.37896365149664
2,20.239851800008786
3,39.97565012871811
4,41.36629690155731
5,0.0
6,55.782322912830026
7,19.40998627409109
8,28.939007499807115
9,0.0
10,0.0
11,70.61769291209858
12,51.50338872433649
13,34.91422570698055
14,14.123219855816206
15,89.88197574317401
16,26.381479655422435
17,11.850321866353786
18,65.64324305981394
19,47.703804079668224
20,18.522163726373698
21,15.126286807134784
22,10.908393525632459
23,7.532875573508455
24,13.359286292240553
25,0.0
26,0.0
27,77.9962252977304
28,17.341499139883037
29,25.147766885845446
30,0.0
31,43.61901572954018
32,60.76243473105591
33,23.22778084623764
34,60.36417613806865
35,34.48744766447045
36,31.054583259951286
37,0.0
38,0.0
39,29.4579274620554
40,67.96284662614288
41,37.10000919213441
42,98.42952287448881
43,19.338027104198027
44,17.24344878423467
45,55.10916732276357
46,30.391372351311393
47,36.91192164421457
48,20.384395107130366
49,93.7608918073845
50,17.093142899205358
51,17.827121219297567
52,18.694011192279024
53,23.287549507550914
54,115.44507050863102
55,64.81544909561482
56,87.98642693872979
57,12.26544860102755
58,12.37874071816575
59,299.1277160615441
60,85.17081397911618
61,0.0
62,84.38321669310244
63,0.0
64,0.0
65,0.0
66,40.32782215415616
67,28.21380013445572
68,0.0
69,0.0
70,67.63117403524355
71,0.0
72,12.229795065272063
73,6.299102439968061
74,74.79979210061538
75,46.89325046496318
76,68.88046335815488
77,61.70163095619012
78,71.66509871943344
79,38.96101458208398
80,130.62684431312584
81,0.0
82,53.99478124627866
83,21.050913350727903
84,11.858070289958796
85,24.757955695774832
86,22.14683221561304
87,0.0
88,48.66572382424296
89,0.0
90,449.2529366566427
91,10.128457356505718
92,70.49572315269607
93,12.64915273173792
94,32.22626291751942
95,45.011468331794845
96,40.93534371590671
97,15.87917277039232
98,36.01783046695723
99,44.17848672168555
100,39.42244397893847
101,23.607787046535435
102,5.222880382787432
103,24.579521604257238
104,38.16129497368343
105,33.36617275939067
106,43.46920699556193
107,51.1188025737178
108,2.1356991651811934
109,8.255897352760666
110,39.94535537091787
111,0.0
112,68.7929270362645
113,6.145462975978634
114,8.097783315164026
115,23.366471765284917
116,201.643860000054
117,21.71073070124772
118,34.21748363345319
