index,demand
1,52.44401661654405
2,21.8865250820176
3,40.145148773232414
4,40.829293053823626
5,0.0
6,56.63074464496339
7,20.35041988118596
8,28.67333517296777
9,0.0
10,0.0
11,70.84207192377794
12,49.480275055399105
13,37.345514860477905
14,14.691458994424224
15,91.3206868562819
16,26.105735620488634
17,11.16580272709999
18,62.539834960913694
19,45.58481011385348
20,19.335971400611783
21,15.405434997820198
22,10.964773993980625
23,7.635908375773093
24,13.751137961418964
25,0.0
26,0.0
27,71.93689059372666
28,17.99468562690845
29,26.29719871598779
30,0.0
31,44.914878659514805
32,59.084568314971314
33,24.56301502714
34,63.982724067945426
35,34.52174741095123
36,31.15184838443207
37,0.0
38,0.0
39,28.47147224692353
40,70.13317696709233
41,38.606638038297454
42,102.45599687072205
43,19.071416490953208
44,16.2548644131381
45,57.668996528232746
46,30.695692147158784
47,36.07217508063112
48,21.402582103496552
49,91.86160624918882
50,17.323649654489422
51,18.71565292664239
52,19.81995564169881
53,24.84304874109572
54,115.11682417703557
55,63.18851073557311
56,87.54887576718015
57,12.504848522228162
58,12.36265242006867
59,286.99217916615095
60,81.11828209216365
61,0.0
62,82.37085850073204
63,0.0
64,0.0
65,0.0
66,42.602030260340264
67,28.37302052453761
68,0.0
69,0.0
70,66.92556730361848
71,0.0
72,13.105819700334179
73,6.138308661168954
74,72.88701500777785
75,49.89909837713833
76,69.72740612500336
77,61.28849346907744
78,76.64274876838726
79,42.12802730186851
80,137.08093393043973
81,0.0
82,54.291836212118255
83,20.172215085907098
84,11.373696687710263
85,24.364152878623074
86,21.822401305226034
87,0.0
88,50.89540096728526
89,0.0
90,441.6337027442145
91,10.91782902312386
92,66.16130563821315
93,12.710151245150108
94,30.302416863402676
95,45.078463708870366
96,38.23546580517156
97,15.868564226843892
98,37.200058480618935
99,42.40888430558516
100,37.66426737512778
101,23.76300279605208
102,5.131619381294964
103,24.272736544387403
104,38.57960150521114
105,31.071568503857986
106,45.849855829555224
107,52.84164346568757
108,2.1264518471177247
109,8.310277552269767
110,40.33280049909785
111,0.0
112,68.56290024289002
113,6.237867377508679
114,8.167853529066884
115,23.27610632463221
116,196.66378378991172
117,21.41548539767767
118,34.26262011411105
