index,demand
1,51.29222039267386
2,21.062332787897034
3,41.83936584813063
4,41.84878649310537
5,0.0
6,52.67801873021858
7,19.77842932167364
8,28.783060620523578
9,0.0
10,0.0
11,72.59886963788176
12,47.13585012683172
13,36.59975646013703
14,15.11691034381908
15,93.00147376391288
16,27.290508446152053
17,11.565063620572449
18,61.18459728970242
19,45.924332164034276
20,18.448549226650936
21,15.413988939416594
22,10.269378413389466
23,7.165201088323652
24,13.644347080147112
25,0.0
26,0.0
27,74.06688782201894
28,17.206979990423466
29,25.143035568617883
30,0.0
31,44.58790254032189
32,62.4647115731097
33,23.874555852124956
34,59.295181629935314
35,34.07133453362592
36,32.74339933559738
37,0.0
38,0.0
39,27.39936456161979
40,72.7648651965638
41,38.70342785015647
42,96.57362761054013
43,18.634918860002625
44,16.40823074215609
45,55.178816072501974
46,29.445328441009142
47,34.41495574911776
48,21.13121426938066
49,92.9865280410013
50,18.014502482175917
51,18.35003473812971
52,18.601739478419923
53,24.14339839586784
54,124.1765566592554
55,63.82247436453241
56,89.11621687848256
57,13.074146291259195
58,12.725196026472155
59,288.6650559758873
60,79.7467028885996
61,0.0
62,76.85667852246841
63,0.0
64,0.0
65,0.0
66,39.830922446247754
67,30.405683469707075
68,0.0
69,0.0
70,66.03660833830129
71,0.0
72,13.113790098403983
73,6.360991859151246
74,69.7999785137592
75,51.464706277682204
76,68.1116553023918
77,64.92944491940861
78,75.73544354593956
79,39.533071098538294
80,130.87757573632302
81,0.0
82,58.667924095891976
83,21.86288539731894
84,11.660215055657154
85,24.46051229750063
86,21.246793406826608
87,0.0
88,48.42526918630175
89,0.0
90,461.99344632498105
91,10.929219066472182
92,66.25777865761467
93,12.612367043608913
94,32.30306411201293
95,43.98788910106155
96,39.699371503994136
97,16.491594414366112
98,37.12662820250205
99,43.13693073574239
100,38.75966008533223
101,23.757416526134964
102,5.326263748772326
103,23.229403490342598
104,38.845078835139695
105,33.23979543186784
106,45.53514212487088
107,53.53709976330714
108,2.142152203652687
109,8.757079883591015
110,42.73447306891436
111,0.0
112,74.5059480815245
113,6.241734931668069
114,8.559459299759913
115,23.36219939633873
116,195.87166340071536
117,21.085838789586532
118,34.41459502669658
