index,demand
1,51.87615730626373
2,20.224508421748077
3,39.16955203582087
4,39.069913908550475
5,0.0
6,53.97950530875002
7,20.857107709906618
8,29.696478731036105
9,0.0
10,0.0
11,72.65387645682594
12,50.00606809398518
13,35.300373498839726
14,14.57510863523533
15,92.540790343179
16,27.324818391843674
17,11.407842061888068
18,61.41279259190496
19,47.552261375940006
20,18.26387761422676
21,14.263998280655548
22,10.278222359181555
23,7.0534794056912675
24,14.091381019577163
25,0.0
26,0.0
27,72.02141327163989
28,18.623100603302785
29,23.95915525395583
30,0.0
31,46.77893764443235
32,64.43291756574617
33,24.29699754657675
34,61.94408380540006
35,33.25933507417931
36,34.002696101245995
37,0.0
38,0.0
39,28.097666672427398
40,66.76551382353415
41,38.271617950722536
42,97.1887682980179
43,19.37719595149103
44,16.597818484458355
45,56.531492550377926
46,30.06661297079324
47,35.40405259790089
48,20.762160655799274
49,90.33449845318974
50,16.9996469201312
51,18.335779683911742
52,18.569041141601094
53,23.52235246632651
54,120.18221733600427
55,67.2424404914915
56,89.11599390620196
57,12.151340066966664
58,13.213760356107365
59,294.93914288363794
60,85.23119630001705
61,0.0
62,78.63400963772554
63,0.0
64,0.0
65,0.0
66,40.11174058045988
67,28.038166489353067
68,0.0
69,0.0
70,68.30807153845211
71,0.0
72,12.240463937455955
73,6.578139069190457
74,71.84519199615913
75,48.795392748086044
76,72.0195585687109
77,60.965304466928735
78,73.5999279116855
79,39.05681732868004
80,139.75380414808527
81,0.0
82,57.354782593420595
83,21.896416474886642
84,11.553260358070021
85,25.94325876656573
86,21.046654914753212
87,0.0
88,48.55639297513662
89,0.0
90,476.79986903487975
91,10.268402345640421
92,68.02432019089726
93,12.497936503218051
94,31.618027701840738
95,43.739411836658135
96,40.59376870660931
97,15.525694667195404
98,35.180266650768516
99,45.74820093930813
100,40.65157014296749
101,21.998072072421856
102,5.479406221169216
103,24.84638903120428
104,37.94477029784389
105,32.718369696809724
106,45.04425391215438
107,52.85378803301022
108,2.068908213126325
109,8.653512130451439
110,39.14039047089438
111,0.0
112,70.10296936213572
113,6.035733956375829
114,8.221117572528556
115,23.572741486962595
116,191.97408484037737
117,20.390444667984905
118,34.80249670376732
