index,demand
1,53.085264732549845
2,20.95039111579745
3,42.62183442890286
4,41.10876444916967
5,0.0
6,56.15761818496498
7,20.02111422822595
8,30.242067732967342
9,0.0
10,0.0
11,70.02053782296323
12,49.39709136945728
13,36.15394668141457
14,14.48281586455003
15,94.56491971238634
16,27.34119395737774
17,11.68484166164652
18,65.07783483902828
19,47.26449901883663
20,19.677628990320756
21,15.14519757874167
22,10.172498170987867
23,7.695238686552683
24,13.484179390226165
25,0.0
26,0.0
27,74.84516580679342
28,17.476841669594155
29,25.600028272928277
30,0.0
31,45.29736556909691
32,64.86585479777754
33,25.27455391844427
34,60.95883752561905
35,34.39185123216582
36,32.5805554274673
37,0.0
38,0.0
39,27.254595743340012
40,69.0062575578644
41,39.38492033712996
42,102.48538583952954
43,18.574794361090543
44,17.04572881463276
45,58.20223051958239
46,28.564527864004397
47,34.08635432610399
48,21.38438250461467
49,95.17908413300574
50,17.316976121426475
51,17.22399187853112
52,18.14504121978062
53,24.175889323494236
54,122.4895396781467
55,64.97755313308737
56,86.87045958097782
57,12.768158910676009
58,12.70980820174752
59,281.90370494060244
60,82.88429532398293
61,0.0
62,78.74521238665378
63,0.0
64,0.0
65,0.0
66,41.714084397238366
67,30.78102086084676
68,0.0
69,0.0
70,70.5869627962492
71,0.0
72,13.17580339591478
73,6.303783004679693
74,69.39370938713934
75,49.18601213753433
76,68.55414647094045
77,62.71764607902215
78,75.81226130108038
79,41.3214044186991
80,142.03270781747833
81,0.0
82,55.4894196670135
83,20.655915826464586
84,11.916087488930998
85,26.111580222300688
86,22.2691437368546
87,0.0
88,52.00201504367407
89,0.0
90,455.9786600348698
91,10.722274797495407
92,70.71026730174214
93,12.742486434277279
94,29.97771493240064
95,44.62177498766543
96,40.28663120235031
97,15.453388048337017
98,34.80128650728375
99,44.85768093758266
100,37.891302301779845
101,23.73622311228647
102,4.98820186289681
103,24.348483100015557
104,41.71995841377048
105,32.426945202264484
106,44.30178168129817
107,53.36543065753615
108,2.1453777957412807
109,8.598963494297765
110,39.434153201249245
111,0.0
112,73.04367089770201
113,6.60754474102
114,8.465994466927366
115,22.76699924177783
116,197.7674457421572
117,20.374504229784492
118,33.60084082433098
