index,demand
1,51.90098949230299
2,20.576947970461084
3,42.654075680911184
4,40.977849171088536
5,0.0
6,55.3567181536406
7,20.010315584281482
8,28.159456730171105
9,0.0
10,0.0
11,70.01117274529398
12,51.785753083571414
13,36.10855066205808
14,14.831684511608438
15,92.63338634375813
16,27.55510638458359
17,11.269863578061281
18,64.86744998327514
19,45.8066954986129
20,18.80781894397508
21,14.485504232232817
22,10.508351084112855
23,7.3324720582748935
24,13.930845594412025
25,0.0
26,0.0
27,74.46410764689267
28,18.11506866360491
29,24.854393433291172
30,0.0
31,44.16379285423457
32,62.75596773901587
33,24.106881237882398
34,61.4365797087815
35,34.99462615547265
36,31.71527007681984
37,0.0
38,0.0
39,28.93106262217485
40,68.59581320508528
41,39.01826978176261
42,105.79510720524421
43,19.402680315482492
44,16.436636511864094
45,53.45893445024711
46,28.21590656407928
47,34.91158406394072
48,21.387536992123806
49,93.54817061953881
50,17.286599795017327
51,18.512778691968784
52,18.059707167134917
53,24.58470530978273
54,114.75452445130297
55,66.4640670622784
56,92.51086085672702
57,12.032404446832798
58,12.2550572345334
59,298.6662804920095
60,85.4549714428108
61,0.0
62,80.1703830893108
63,0.0
64,0.0
65,0.0
66,39.31658762627292
67,28.128183263721407
68,0.0
69,0.0
70,72.35324458699745
71,0.0
72,12.52141817735019
73,6.357259592456876
74,68.05869064802188
75,48.55100029850005
76,73.3357523431435
77,64.00566451874155
78,72.15151308007103
79,41.907361311400884
80,138.57858953267296
81,0.0
82,59.05929987400882
83,20.1469650823902
84,11.14476499514937
85,25.908939379951377
86,21.210219008977504
87,0.0
88,50.11043135402765
89,0.0
90,458.22745611289463
91,10.89078587989341
92,67.07652003759482
93,12.279817247143546
94,31.943462918657392
95,42.14469211734065
96,41.07880987740178
97,15.455151754456724
98,36.88450069235303
99,45.28195695718377
100,38.32796419824577
101,22.88275704600708
102,5.4310515489395215
103,24.70944778148606
104,40.074085287643726
105,32.4322168738031
106,45.789076682497786
107,53.347835175898005
108,2.0387632154540216
109,8.601480093164847
110,40.243082907024174
111,0.0
112,68.65986404314405
113,6.028804412718283
114,8.653108297628993
115,24.018141528967544
116,198.635357828035
117,20.925981342336588
118,35.82265960397342
